dataset	data_kind	data_file	freq	channels	horizon	size	d_model	global_d_model	batch_size	learning_rate	threshold	dropout	monotonicity	seed	test_mse	test_mae	run_id
ETTh1	ETTh1	ETTh1.csv	h	7	96	medium	16	64	64	0.01	0.95	0.1	0	94	0.3788	0.3994	ETTh1_L96_H96_medium_bs64_lr1e-2_th095_dp01_mo0_s94
ETTh1	ETTh1	ETTh1.csv	h	7	192	small	8	32	128	0.01	0.75	0.1	1	2026	0.4222	0.4258	ETTh1_L96_H192_small_bs128_lr1e-2_th075_dp01_mo1_s2026
ETTh1	ETTh1	ETTh1.csv	h	7	336	small	8	32	64	0.01	0.85	0.1	0	2026	0.4594	0.4462	ETTh1_L96_H336_small_bs64_lr1e-2_th085_dp01_mo0_s2026
ETTh1	ETTh1	ETTh1.csv	h	7	720	small	8	32	32	0.01	0.85	0.2	0	10	0.4406	0.4514	ETTh1_L96_H720_small_bs32_lr1e-2_th085_dp02_mo0_s10
ETTh2	ETTh2	ETTh2.csv	h	7	96	medium	16	64	32	0.01	0.85	0.3	1	16	0.2948	0.3477	ETTh2_L96_H96_medium_bs32_lr1e-2_th085_dp03_mo1_s16
ETTh2	ETTh2	ETTh2.csv	h	7	192	large	32	128	128	0.01	0.95	0.2	0	2026	0.3787	0.3993	ETTh2_L96_H192_large_bs128_lr1e-2_th095_dp02_mo0_s2026
ETTh2	ETTh2	ETTh2.csv	h	7	336	medium	16	64	128	0.01	0.95	0.3	0	2026	0.3879	0.4206	ETTh2_L96_H336_medium_bs128_lr1e-2_th095_dp03_mo0_s2026
ETTh2	ETTh2	ETTh2.csv	h	7	720	medium	16	64	128	0.0001	0.75	0.3	0	2024	0.4137	0.4394	ETTh2_L96_H720_medium_bs128_lr1e-4_th075_dp03_mo0_s2024
ETTm1	ETTm1	ETTm1.csv	t	7	96	small	8	32	32	0.01	0.85	0.1	0	2026	0.3148	0.3548	ETTm1_L96_H96_small_bs32_lr1e-2_th085_dp01_mo0_s2026
ETTm1	ETTm1	ETTm1.csv	t	7	192	small	8	32	128	0.01	0.95	0.1	1	68	0.3584	0.3811	ETTm1_L96_H192_small_bs128_lr1e-2_th095_dp01_mo1_s68
ETTm1	ETTm1	ETTm1.csv	t	7	336	small	8	32	128	0.01	0.95	0.1	1	2026	0.3863	0.3994	ETTm1_L96_H336_small_bs128_lr1e-2_th095_dp01_mo1_s2026
ETTm1	ETTm1	ETTm1.csv	t	7	720	small	8	32	32	0.01	0.85	0.1	1	2024	0.4496	0.4361	ETTm1_L96_H720_small_bs32_lr1e-2_th085_dp01_mo1_s2024
ETTm2	ETTm2	ETTm2.csv	t	7	96	small	8	32	64	0.01	0.75	0.2	1	2026	0.1803	0.2679	ETTm2_L96_H96_small_bs64_lr1e-2_th075_dp02_mo1_s2026
ETTm2	ETTm2	ETTm2.csv	t	7	192	medium	16	64	32	0.01	0.75	0.3	1	2026	0.2462	0.3068	ETTm2_L96_H192_medium_bs32_lr1e-2_th075_dp03_mo1_s2026
ETTm2	ETTm2	ETTm2.csv	t	7	336	small	8	32	32	0.01	0.75	0.2	0	2026	0.3085	0.3485	ETTm2_L96_H336_small_bs32_lr1e-2_th075_dp02_mo0_s2026
ETTm2	ETTm2	ETTm2.csv	t	7	720	large	32	128	32	0.001	0.95	0.2	0	2026	0.4066	0.4068	ETTm2_L96_H720_large_bs32_lr1e-3_th095_dp02_mo0_s2026
weather	custom	weather.csv	h	21	96	small	8	32	32	0.01	0.95	0.2	1	16	0.1673	0.2164	weather_L96_H96_small_bs32_lr1e-2_th095_dp02_mo1_s16
weather	custom	weather.csv	h	21	192	small	8	32	32	0.01	0.85	0.1	0	2026	0.2123	0.2543	weather_L96_H192_small_bs32_lr1e-2_th085_dp01_mo0_s2026
weather	custom	weather.csv	h	21	336	small	8	32	32	0.01	0.95	0.2	1	2026	0.2677	0.2952	weather_L96_H336_small_bs32_lr1e-2_th095_dp02_mo1_s2026
weather	custom	weather.csv	h	21	720	small	8	32	128	0.01	0.85	0.1	0	2026	0.3412	0.3426	weather_L96_H720_small_bs128_lr1e-2_th085_dp01_mo0_s2026
ECL	custom	electricity.csv	h	321	96	medium	16	64	64	0.01	0.95	0.1	0	29	0.1695	0.2626	ECL_L96_H96_medium_bs64_lr1e-2_th095_dp01_mo0_s29
ECL	custom	electricity.csv	h	321	192	medium	16	64	32	0.01	0.85	0.1	0	68	0.1786	0.2699	ECL_L96_H192_medium_bs32_lr1e-2_th085_dp01_mo0_s68
ECL	custom	electricity.csv	h	321	336	medium	16	64	64	0.01	0.95	0.1	0	85	0.1940	0.2845	ECL_L96_H336_medium_bs64_lr1e-2_th095_dp01_mo0_s85
ECL	custom	electricity.csv	h	321	720	medium	16	64	64	0.01	0.95	0.1	0	10	0.2324	0.3204	ECL_L96_H720_medium_bs64_lr1e-2_th095_dp01_mo0_s10
Traffic	custom	traffic.csv	h	862	96	large	32	128	8	0.01	0.95	0.1	1	16	0.4856	0.2881	Traffic_L96_H96_large_bs8_lr1e-2_th095_dp01_mo1_s16
Traffic	custom	traffic.csv	h	862	192	large	32	128	8	0.01	0.95	0.1	1	68	0.4881	0.2958	Traffic_L96_H192_large_bs8_lr1e-2_th095_dp01_mo1_s68
Traffic	custom	traffic.csv	h	862	336	large	32	128	8	0.01	0.95	0.1	1	41	0.4947	0.2971	Traffic_L96_H336_large_bs8_lr1e-2_th095_dp01_mo1_s41
Traffic	custom	traffic.csv	h	862	720	large	32	128	8	0.01	0.95	0.1	1	41	0.5254	0.3119	Traffic_L96_H720_large_bs8_lr1e-2_th095_dp01_mo1_s41
solar	custom	solar.csv	t	137	96	medium	16	64	64	0.01	0.95	0.1	0	44	0.2065	0.2544	solar_L96_H96_medium_bs64_lr1e-2_th095_dp01_mo0_s44
solar	custom	solar.csv	t	137	192	medium	16	64	32	0.01	0.85	0.1	0	94	0.2403	0.2760	solar_L96_H192_medium_bs32_lr1e-2_th085_dp01_mo0_s94
solar	custom	solar.csv	t	137	336	medium	16	64	64	0.01	0.95	0.1	0	10	0.2556	0.2861	solar_L96_H336_medium_bs64_lr1e-2_th095_dp01_mo0_s10
solar	custom	solar.csv	t	137	720	medium	16	64	32	0.01	0.85	0.1	1	10	0.2557	0.2838	solar_L96_H720_medium_bs32_lr1e-2_th085_dp01_mo1_s10
